{
  "профсоюзная 1": [
    58.616078,
    49.68386
  ],
  "ленина 1": [
    58.615699,
    49.678925
  ],
  "ленина 2": [
    58.618131,
    49.680087
  ],
  "ленина 3": [
    58.615141,
    49.679216
  ],
  "ленина 4": [
    58.616074,
    49.680437
  ]
}